{"version": "1", "message": "ERROR: Hidden Testcases server unreachable.", "problem_id": "ads1_m6_a1", "user_id": "chinuteja", "score": {"sample": {"0": {"execution_time": 0.22524523735046387, "passed": true}, "1": {"execution_time": 0.21303868293762207, "passed": true}, "2": {"execution_time": 0.24362945556640625, "passed": true}, "3": {"execution_time": 0.21250462532043457, "passed": true}, "4": {"execution_time": 0.2601008415222168, "passed": true}, "5": {"execution_time": 0.2267913818359375, "passed": true}, "6": {"execution_time": 0.19851303100585938, "passed": true}, "7": {"execution_time": 0.22252130508422852, "passed": false}, "8": {"execution_time": 0.1960158348083496, "passed": false}, "9": {"execution_time": 0.19673943519592285, "passed": false}, "10": {"execution_time": 0.17210650444030762, "passed": false}, "11": {"execution_time": 0.19912028312683105, "passed": false}}}, "check_style_score": "0/1"}