{"version": "1", "message": "ERROR: Hidden Testcases server unreachable.", "problem_id": "ads1_m6_a1", "user_id": "chinuteja", "score": {"sample": {"0": {"execution_time": 0.1804182529449463, "passed": true}, "1": {"execution_time": 0.23081040382385254, "passed": true}, "2": {"execution_time": 0.1981654167175293, "passed": true}, "3": {"execution_time": 0.22795462608337402, "passed": true}, "4": {"execution_time": 0.22294211387634277, "passed": true}, "5": {"execution_time": 0.22468948364257812, "passed": true}, "6": {"execution_time": 0.22904443740844727, "passed": true}, "7": {"execution_time": 0.21926140785217285, "passed": true}, "8": {"execution_time": 0.2137453556060791, "passed": true}, "9": {"execution_time": 0.23423480987548828, "passed": true}, "10": {"execution_time": 0.2005772590637207, "passed": true}, "11": {"execution_time": 0.21232962608337402, "passed": true}}}, "check_style_score": "0/1"}