{"version": "1", "message": "ERROR: Hidden Testcases server unreachable.", "problem_id": "ads1_m6_a1", "user_id": "chinuteja", "score": {"sample": {"0": {"execution_time": 0.21329951286315918, "passed": true}, "1": {"execution_time": 0.21349430084228516, "passed": true}, "2": {"execution_time": 0.21191787719726562, "passed": true}, "3": {"execution_time": 0.22729277610778809, "passed": true}, "4": {"execution_time": 0.1976611614227295, "passed": true}, "5": {"execution_time": 0.22346711158752441, "passed": true}, "6": {"execution_time": 0.1971902847290039, "passed": true}, "7": {"execution_time": 0.24147963523864746, "passed": true}, "8": {"execution_time": 0.23276352882385254, "passed": true}, "9": {"execution_time": 0.211500883102417, "passed": true}, "10": {"execution_time": 0.22791266441345215, "passed": true}, "11": {"execution_time": 0.22740674018859863, "passed": true}}}, "check_style_score": "0/1"}